{
  "lang":"en",
  "name":"pipeline",
  "version":"0.0.0",
  "spacy_version":">=3.0.6,<3.1.0",
  "description":"",
  "author":"",
  "email":"",
  "url":"",
  "license":"",
  "spacy_git_version":"df3444421",
  "vectors":{
    "width":0,
    "vectors":0,
    "keys":0,
    "name":null
  },
  "labels":{
    "transformer":[

    ],
    "ner":[
      "AGE",
      "ANATOMY",
      "BRANCH",
      "CARDINAL",
      "DATE",
      "DISEASE",
      "DRUG",
      "EVENT",
      "FAC",
      "GENDER",
      "GPE",
      "JARGON",
      "LANGUAGE",
      "LAW",
      "LOC",
      "MEDICALDOCTOR",
      "MEDICALTOOL",
      "MENTALHEALTH",
      "MONEY",
      "NEGATION",
      "NORP",
      "ORDINAL",
      "ORG",
      "PERCENT",
      "PERSON",
      "POSITION",
      "PROCEDURE",
      "PRODUCT",
      "QUANTITY",
      "SYMPTOM",
      "TIME",
      "WORK_OF_ART"
    ]
  },
  "pipeline":[
    "transformer",
    "ner"
  ],
  "components":[
    "transformer",
    "ner"
  ],
  "disabled":[

  ],
  "performance":{
    "ents_per_type":{
      "NEGATION":{
        "p":0.3571428571,
        "r":0.4761904762,
        "f":0.4081632653
      },
      "DRUG":{
        "p":0.7142857143,
        "r":0.9090909091,
        "f":0.8
      },
      "PERCENT":{
        "p":0.3636363636,
        "r":1.0,
        "f":0.5333333333
      },
      "JARGON":{
        "p":0.5375,
        "r":0.5657894737,
        "f":0.5512820513
      },
      "CARDINAL":{
        "p":0.6470588235,
        "r":0.5238095238,
        "f":0.5789473684
      },
      "ANATOMY":{
        "p":0.4651162791,
        "r":0.6451612903,
        "f":0.5405405405
      },
      "SYMPTOM":{
        "p":0.4193548387,
        "r":0.619047619,
        "f":0.5
      },
      "DISEASE":{
        "p":0.4047619048,
        "r":0.5666666667,
        "f":0.4722222222
      },
      "DATE":{
        "p":0.8148148148,
        "r":0.9166666667,
        "f":0.862745098
      },
      "TIME":{
        "p":0.8888888889,
        "r":0.8888888889,
        "f":0.8888888889
      },
      "ORDINAL":{
        "p":0.4,
        "r":1.0,
        "f":0.5714285714
      },
      "PERSON":{
        "p":0.0,
        "r":0.0,
        "f":0.0
      },
      "PROCEDURE":{
        "p":0.6470588235,
        "r":0.44,
        "f":0.5238095238
      },
      "MENTALHEALTH":{
        "p":0.5,
        "r":0.2222222222,
        "f":0.3076923077
      },
      "MEDICALDOCTOR":{
        "p":1.0,
        "r":0.9090909091,
        "f":0.9523809524
      },
      "QUANTITY":{
        "p":0.0,
        "r":0.0,
        "f":0.0
      },
      "GENDER":{
        "p":0.0,
        "r":0.0,
        "f":0.0
      },
      "LOC":{
        "p":0.5,
        "r":0.3333333333,
        "f":0.4
      },
      "AGE":{
        "p":0.3333333333,
        "r":1.0,
        "f":0.5
      },
      "GPE":{
        "p":0.0,
        "r":0.0,
        "f":0.0
      },
      "POSITION":{
        "p":0.3333333333,
        "r":0.1428571429,
        "f":0.2
      },
      "BRANCH":{
        "p":0.0,
        "r":0.0,
        "f":0.0
      },
      "NORP":{
        "p":0.0,
        "r":0.0,
        "f":0.0
      },
      "ORG":{
        "p":0.0,
        "r":0.0,
        "f":0.0
      }
    },
    "ents_f":0.5632183908,
    "ents_p":0.5326086957,
    "ents_r":0.5975609756,
    "transformer_loss":0.0,
    "ner_loss":394.8519504385
  }
}