{
  "lang":"en",
  "name":"pipeline",
  "version":"0.0.0",
  "spacy_version":">=3.0.6,<3.1.0",
  "description":"",
  "author":"",
  "email":"",
  "url":"",
  "license":"",
  "spacy_git_version":"df3444421",
  "vectors":{
    "width":0,
    "vectors":0,
    "keys":0,
    "name":null
  },
  "labels":{
    "transformer":[

    ],
    "ner":[
      "AGE",
      "ANATOMY",
      "BRANCH",
      "CARDINAL",
      "DATE",
      "DISEASE",
      "DRUG",
      "EVENT",
      "FAC",
      "GENDER",
      "GPE",
      "JARGON",
      "LANGUAGE",
      "LAW",
      "LOC",
      "MEDICALDOCTOR",
      "MEDICALTOOL",
      "MENTALHEALTH",
      "MONEY",
      "NEGATION",
      "NORP",
      "ORDINAL",
      "ORG",
      "PERCENT",
      "PERSON",
      "POSITION",
      "PROCEDURE",
      "PRODUCT",
      "QUANTITY",
      "SYMPTOM",
      "TIME",
      "WORK_OF_ART"
    ]
  },
  "pipeline":[
    "transformer",
    "ner"
  ],
  "components":[
    "transformer",
    "ner"
  ],
  "disabled":[

  ],
  "performance":{
    "ents_per_type":{
      "NEGATION":{
        "p":0.28,
        "r":0.3111111111,
        "f":0.2947368421
      },
      "SYMPTOM":{
        "p":0.4126984127,
        "r":0.6842105263,
        "f":0.5148514851
      },
      "DRUG":{
        "p":0.7419354839,
        "r":0.5897435897,
        "f":0.6571428571
      },
      "PERCENT":{
        "p":0.0,
        "r":0.0,
        "f":0.0
      },
      "JARGON":{
        "p":0.6052631579,
        "r":0.5348837209,
        "f":0.5679012346
      },
      "CARDINAL":{
        "p":0.5625,
        "r":0.3913043478,
        "f":0.4615384615
      },
      "ANATOMY":{
        "p":0.5094339623,
        "r":0.6585365854,
        "f":0.5744680851
      },
      "DISEASE":{
        "p":0.3653846154,
        "r":0.5588235294,
        "f":0.4418604651
      },
      "DATE":{
        "p":0.8461538462,
        "r":0.8684210526,
        "f":0.8571428571
      },
      "PROCEDURE":{
        "p":0.5416666667,
        "r":0.5,
        "f":0.52
      },
      "TIME":{
        "p":0.6666666667,
        "r":0.6666666667,
        "f":0.6666666667
      },
      "ORDINAL":{
        "p":0.4,
        "r":1.0,
        "f":0.5714285714
      },
      "PERSON":{
        "p":0.0,
        "r":0.0,
        "f":0.0
      },
      "MENTALHEALTH":{
        "p":0.5,
        "r":0.25,
        "f":0.3333333333
      },
      "MEDICALDOCTOR":{
        "p":0.7857142857,
        "r":1.0,
        "f":0.88
      },
      "QUANTITY":{
        "p":0.5714285714,
        "r":0.5,
        "f":0.5333333333
      },
      "GENDER":{
        "p":0.8,
        "r":0.7272727273,
        "f":0.7619047619
      },
      "AGE":{
        "p":0.5714285714,
        "r":0.5714285714,
        "f":0.5714285714
      },
      "LOC":{
        "p":0.6666666667,
        "r":0.3333333333,
        "f":0.4444444444
      },
      "GPE":{
        "p":0.0,
        "r":0.0,
        "f":0.0
      },
      "POSITION":{
        "p":0.1666666667,
        "r":0.125,
        "f":0.1428571429
      },
      "NORP":{
        "p":0.0,
        "r":0.0,
        "f":0.0
      },
      "ORG":{
        "p":0.0,
        "r":0.0,
        "f":0.0
      }
    },
    "ents_f":0.5383022774,
    "ents_p":0.523138833,
    "ents_r":0.5543710021,
    "transformer_loss":0.0,
    "ner_loss":998.8560443342
  }
}